<annotation><filename>img12.jpg</filename><folder>users/guleroman//passport</folder><source><submittedBy>Roman</submittedBy></source><imagesize><nrows>1280</nrows><ncols>960</ncols></imagesize><object><name>text</name><deleted>0</deleted><verified>0</verified><occluded>no</occluded><attributes>контроль</attributes><parts><hasparts></hasparts><ispartof></ispartof></parts><date>17-Oct-2019 07:39:38</date><id>0</id><polygon><username>anonymous</username><pt><x>355</x><y>601</y></pt><pt><x>351</x><y>651</y></pt><pt><x>616</x><y>651</y></pt><pt><x>613</x><y>598</y></pt></polygon></object></annotation>