<annotation><filename>img13.jpg</filename><folder>users/guleroman//passport</folder><source><submittedBy>Roman</submittedBy></source><imagesize><nrows>1280</nrows><ncols>960</ncols></imagesize><object><name>text</name><deleted>0</deleted><verified>0</verified><occluded>no</occluded><attributes>контроль</attributes><parts><hasparts></hasparts><ispartof></ispartof></parts><date>17-Oct-2019 07:39:07</date><id>0</id><polygon><username>anonymous</username><pt><x>318</x><y>631</y></pt><pt><x>316</x><y>697</y></pt><pt><x>686</x><y>699</y></pt><pt><x>682</x><y>627</y></pt></polygon></object></annotation>