<annotation><filename>img14.jpg</filename><folder>users/guleroman//passport</folder><source><submittedBy>Roman</submittedBy></source><imagesize><nrows>1280</nrows><ncols>960</ncols></imagesize><object><name>text</name><deleted>0</deleted><verified>0</verified><occluded>no</occluded><attributes>контроль</attributes><parts><hasparts></hasparts><ispartof></ispartof></parts><date>17-Oct-2019 07:37:40</date><id>0</id><polygon><username>anonymous</username><pt><x>272</x><y>644</y></pt><pt><x>281</x><y>724</y></pt><pt><x>694</x><y>653</y></pt><pt><x>682</x><y>578</y></pt></polygon></object></annotation>