<annotation><filename>img15.jpg</filename><folder>users/guleroman//passport</folder><source><submittedBy>Roman</submittedBy></source><imagesize><nrows>1280</nrows><ncols>960</ncols></imagesize><object><name>text</name><deleted>0</deleted><verified>0</verified><occluded>no</occluded><attributes>контроль</attributes><parts><hasparts></hasparts><ispartof></ispartof></parts><date>17-Oct-2019 07:36:13</date><id>0</id><polygon><username>anonymous</username><pt><x>271</x><y>680</y></pt><pt><x>291</x><y>797</y></pt><pt><x>793</x><y>670</y></pt><pt><x>767</x><y>576</y></pt></polygon></object></annotation>