<annotation><filename>img10.jpg</filename><folder>users/guleroman//passport</folder><source><submittedBy>Roman</submittedBy></source><imagesize><nrows>1280</nrows><ncols>960</ncols></imagesize><object><name>text</name><deleted>0</deleted><verified>0</verified><occluded>no</occluded><attributes></attributes><parts><hasparts></hasparts><ispartof></ispartof></parts><date>17-Oct-2019 07:46:36</date><id>0</id><polygon><username>anonymous</username><pt><x>292</x><y>421</y></pt><pt><x>292</x><y>488</y></pt><pt><x>641</x><y>481</y></pt><pt><x>639</x><y>420</y></pt></polygon></object></annotation>