<annotation><filename>img11.jpg</filename><folder>users/guleroman//passport</folder><source><submittedBy>Roman</submittedBy></source><imagesize><nrows>1280</nrows><ncols>960</ncols></imagesize><object><name>text</name><deleted>0</deleted><verified>0</verified><occluded>no</occluded><attributes></attributes><parts><hasparts></hasparts><ispartof></ispartof></parts><date>17-Oct-2019 07:46:11</date><id>0</id><polygon><username>anonymous</username><pt><x>133</x><y>583</y></pt><pt><x>133</x><y>654</y></pt><pt><x>554</x><y>636</y></pt><pt><x>544</x><y>560</y></pt></polygon></object></annotation>