<annotation><filename>img5.jpg</filename><folder>users/guleroman//passport</folder><source><submittedBy>Roman</submittedBy></source><imagesize><nrows>1280</nrows><ncols>960</ncols></imagesize><object><name>text</name><deleted>0</deleted><verified>0</verified><occluded>no</occluded><attributes></attributes><parts><hasparts></hasparts><ispartof></ispartof></parts><date>17-Oct-2019 07:48:02</date><id>0</id><polygon><username>anonymous</username><pt><x>341</x><y>606</y></pt><pt><x>365</x><y>687</y></pt><pt><x>747</x><y>590</y></pt><pt><x>722</x><y>517</y></pt></polygon></object></annotation>