<annotation><filename>img6.jpg</filename><folder>users/guleroman//passport</folder><source><submittedBy>Roman</submittedBy></source><imagesize><nrows>1280</nrows><ncols>960</ncols></imagesize><object><name>text</name><deleted>0</deleted><verified>0</verified><occluded>no</occluded><attributes></attributes><parts><hasparts></hasparts><ispartof></ispartof></parts><date>17-Oct-2019 07:47:44</date><id>0</id><polygon><username>anonymous</username><pt><x>291</x><y>673</y></pt><pt><x>294</x><y>747</y></pt><pt><x>704</x><y>734</y></pt><pt><x>696</x><y>663</y></pt></polygon></object></annotation>