<annotation><filename>img7.jpg</filename><folder>users/guleroman//passport</folder><source><submittedBy>Roman</submittedBy></source><imagesize><nrows>1280</nrows><ncols>960</ncols></imagesize><object><name>text</name><deleted>0</deleted><verified>0</verified><occluded>no</occluded><attributes></attributes><parts><hasparts></hasparts><ispartof></ispartof></parts><date>17-Oct-2019 07:47:26</date><id>0</id><polygon><username>anonymous</username><pt><x>283</x><y>481</y></pt><pt><x>282</x><y>567</y></pt><pt><x>692</x><y>554</y></pt><pt><x>684</x><y>472</y></pt></polygon></object></annotation>