<annotation><filename>img8.jpg</filename><folder>users/guleroman//passport</folder><source><submittedBy>Roman</submittedBy></source><imagesize><nrows>1280</nrows><ncols>960</ncols></imagesize><object><name>text</name><deleted>0</deleted><verified>0</verified><occluded>no</occluded><attributes></attributes><parts><hasparts></hasparts><ispartof></ispartof></parts><date>17-Oct-2019 07:47:07</date><id>0</id><polygon><username>anonymous</username><pt><x>322</x><y>495</y></pt><pt><x>321</x><y>573</y></pt><pt><x>730</x><y>547</y></pt><pt><x>717</x><y>477</y></pt></polygon></object></annotation>