<annotation><filename>img9.jpg</filename><folder>users/guleroman//passport</folder><source><submittedBy>Roman</submittedBy></source><imagesize><nrows>1280</nrows><ncols>960</ncols></imagesize><object><name>text</name><deleted>0</deleted><verified>0</verified><occluded>no</occluded><attributes></attributes><parts><hasparts></hasparts><ispartof></ispartof></parts><date>17-Oct-2019 07:46:51</date><id>0</id><polygon><username>anonymous</username><pt><x>324</x><y>634</y></pt><pt><x>326</x><y>683</y></pt><pt><x>598</x><y>682</y></pt><pt><x>596</x><y>631</y></pt></polygon></object></annotation>